Category,Product,Package Type,Weight,Price
ORGANIC SPICE & MASALA,Black Pepper Powder (Kali Mirch),Glass Bottle,0.08,135
ORGANIC SPICE & MASALA,Black Pepper Powder (Kali Mirch),Glass Bottle,0.2,320
ORGANIC OTHER,Jaggery Powder (Gur Powder),Brown Pouch,0.5,85
ORGANIC OTHER,Jaggery Powder (Gur Powder),Brown Pouch,1,140
ORGANIC OTHER,Jaggery Powder (Gur Powder),Brown Pouch,0.25,55
ORGANIC DALS & LENTILS,Masoor Dal Mogar Split without Skin,Brown Pouch,0.5,105
ORGANIC DALS & LENTILS,Masoor Dal Mogar Split without Skin,Brown Pouch,1,180
ORGANIC DALS & LENTILS,Masoor Dal Mogar Split without Skin,Brown Pouch,2,340
ORGANIC DALS & LENTILS,Masoor Malka Whole without Skin,Brown Pouch,0.5,105
ORGANIC DALS & LENTILS,Masoor Malka Whole without Skin,Brown Pouch,1,185
ORGANIC DALS & LENTILS,Masoor Malka Whole without Skin,Brown Pouch,2,345
ORGANIC DALS & LENTILS,Dollar Chickpeas (Kabuli Chana),Brown Pouch,0.5,120
ORGANIC DALS & LENTILS,Dollar Chickpeas (Kabuli Chana),Brown Pouch,1,220
ORGANIC DALS & LENTILS,Dollar Chickpeas (Kabuli Chana),Brown Pouch,2,420
ORGANIC SPICE & MASALA,Ajwain Seeds,Glass Bottle,0.06,55
ORGANIC SPICE & MASALA,Ajwain Seeds,Glass Bottle,0.15,110
ORGANIC SPICE & MASALA,Ajwain Seeds,Brown Pouch,0.1,75
ORGANIC SPICE & MASALA,Ajwain Seeds,Brown Pouch,0.15,100
ORGANIC SPICE & MASALA,Ajwain Seeds,Brown Pouch,0.25,155
ORGANIC SPICE & MASALA,Coriander Powder (Dhania Powder),Glass Bottle,0.06,45
ORGANIC SPICE & MASALA,Coriander Powder (Dhania Powder),Glass Bottle,0.15,75
ORGANIC SPICE & MASALA,Coriander Powder (Dhania Powder),Brown Pouch,0.25,100
ORGANIC SPICE & MASALA,Coriander Powder (Dhania Powder),Brown Pouch,0.5,175
ORGANIC SPICE & MASALA,Coriander Seeds (Khada Dhania),Brown Pouch,0.1,55
ORGANIC SPICE & MASALA,Coriander Seeds (Khada Dhania),Brown Pouch,0.25,95
ORGANIC SPICE & MASALA,Coriander Seeds (Khada Dhania),Brown Pouch,0.5,175
ORGANIC SPICE & MASALA,Fennel Seeds (Saunf),Glass Bottle,0.125,80
ORGANIC SPICE & MASALA,Fennel Seeds (Saunf),Brown Pouch,0.1,65
ORGANIC SPICE & MASALA,Fennel Seeds (Saunf),Brown Pouch,0.5,220
ORGANIC SPICE & MASALA,Fennel Seeds (Saunf),Brown Pouch,0.25,125
ORGANIC SPICE & MASALA,Fenugreek Seeds (Methi Dana),Glass Bottle,0.25,80
ORGANIC SPICE & MASALA,Fenugreek Seeds (Methi Dana),Brown Pouch,0.1,40
ORGANIC SPICE & MASALA,Fenugreek Seeds (Methi Dana),Brown Pouch,0.25,70
ORGANIC SPICE & MASALA,Fenugreek Seeds (Methi Dana),Brown Pouch,0.5,115
ORGANIC SEEDS,Flax Seeds (Alsi),Glass Bottle,0.09,35
ORGANIC SEEDS,Flax Seeds (Alsi),Glass Bottle,0.2,75
ORGANIC SEEDS,Flax Seeds (Alsi),Brown Pouch,0.1,45
ORGANIC SEEDS,Flax Seeds (Alsi),Brown Pouch,0.25,75
ORGANIC SPICE & MASALA,Mustard Seeds (Rai Micro),Glass Bottle,0.225,80
ORGANIC SPICE & MASALA,Mustard Seeds (Rai Micro),Brown Pouch,0.25,75
ORGANIC SPICE & MASALA,Mustard Seeds (Rai Micro),Brown Pouch,0.5,125
ORGANIC SPICE & MASALA,Mustard Seeds (Rai Big),Glass Bottle,0.225,70
ORGANIC SPICE & MASALA,Mustard Seeds (Rai Big),Brown Pouch,0.25,65
ORGANIC SPICE & MASALA,Mustard Seeds (Rai Big),Brown Pouch,0.5,105
ORGANIC MILLETS,Pearl Millet (Bajra),Brown Pouch,0.5,65
ORGANIC MILLETS,Pearl Millet (Bajra),Brown Pouch,1,105
ORGANIC MILLETS,Pearl Millet (Bajra),Brown Pouch,2,195
ORGANIC DALS & LENTILS,Urad Dal Split with Skin,Brown Pouch,0.5,105
ORGANIC DALS & LENTILS,Urad Dal Split with Skin,Brown Pouch,1,195
ORGANIC DALS & LENTILS,Urad Dal Split with Skin,Brown Pouch,2,370
ORGANIC SEEDS,Chia Seeds,Glass Bottle,0.09,65
ORGANIC SEEDS,Chia Seeds,Glass Bottle,0.2,130
ORGANIC SEEDS,Chia Seeds,Brown Pouch,0.1,75
ORGANIC SEEDS,Chia Seeds,Brown Pouch,0.25,160
ORGANIC SEEDS,Chia Seeds,Brown Pouch,0.5,295
ORGANIC SEEDS,White Quinoa,Brown Pouch,0.5,140
ORGANIC SEEDS,White Quinoa,Brown Pouch,1,245
ORGANIC SEEDS,White Quinoa,Brown Pouch,2,460
ORGANIC DALS & LENTILS,Toor Dal Split (Arhar Dal Pegion Pea),Brown Pouch,0.5,135
ORGANIC DALS & LENTILS,Toor Dal Split (Arhar Dal Pegion Pea),Brown Pouch,1,240
ORGANIC DALS & LENTILS,Toor Dal Split (Arhar Dal Pegion Pea),Brown Pouch,2,460
ORGANIC SPICE & MASALA,Cumin Powder (Jeera Powder),Glass Bottle,0.06,55
ORGANIC SPICE & MASALA,Cumin Powder (Jeera Powder),Brown Pouch,0.1,70
ORGANIC SPICE & MASALA,Cumin Powder (Jeera Powder),Glass Bottle,0.15,105
ORGANIC SPICE & MASALA,Cumin Powder (Jeera Powder),Brown Pouch,0.25,140
ORGANIC SPICE & MASALA,Cumin Powder (Jeera Powder),Brown Pouch,0.5,255
ORGANIC SPICE & MASALA,Cumin Seeds (Jeera),Glass Bottle,0.15,100
ORGANIC SPICE & MASALA,Cumin Seeds (Jeera),Brown Pouch,0.1,65
ORGANIC SPICE & MASALA,Cumin Seeds (Jeera),Brown Pouch,0.25,145
ORGANIC SPICE & MASALA,Cumin Seeds (Jeera),Brown Pouch,0.5,265
ORGANIC SPICE & MASALA,Turmeric Powder (Haldi Powder),Glass Bottle,0.08,50
ORGANIC SPICE & MASALA,Turmeric Powder (Haldi Powder),Glass Bottle,0.2,110
ORGANIC SPICE & MASALA,Turmeric Powder (Haldi Powder),Brown Pouch,0.25,125
ORGANIC SPICE & MASALA,Turmeric Powder (Haldi Powder),Brown Pouch,0.5,225
ORGANIC SPICE & MASALA,Cassia Cinnamon Bark (Dalchini),Brown Pouch,0.1,80
ORGANIC SPICE & MASALA,Cassia Cinnamon Bark (Dalchini),Brown Pouch,0.25,160
ORGANIC MILLETS,Sorghum Millet (Jowar),Brown Pouch,0.5,65
ORGANIC MILLETS,Sorghum Millet (Jowar),Brown Pouch,1,100
ORGANIC MILLETS,Sorghum Millet (Jowar),Brown Pouch,2,180
ORGANIC DALS & LENTILS,Chana Dal,Brown Pouch,0.5,100
ORGANIC DALS & LENTILS,Chana Dal,Brown Pouch,1,175
ORGANIC DALS & LENTILS,Chana Dal,Brown Pouch,2,330
ORGANIC SPICE & MASALA,Black Peppercorn (Kali Mirch Whole),Glass Bottle,0.065,115
ORGANIC SPICE & MASALA,Black Peppercorn (Kali Mirch Whole),Brown Pouch,0.1,160
ORGANIC SPICE & MASALA,Black Peppercorn (Kali Mirch Whole),Glass Bottle,0.175,270
ORGANIC SPICE & MASALA,Black Peppercorn (Kali Mirch Whole),Brown Pouch,0.25,360
ORGANIC GRAINS,Wheat (MP Sehori),Brown Pouch,0.5,65
ORGANIC GRAINS,Wheat (MP Sehori),Brown Pouch,1,100
ORGANIC GRAINS,Wheat (MP Sehori),Brown Pouch,2,180
ORGANIC GRAINS,Wheat (Khapli),Brown Pouch,0.5,105
ORGANIC GRAINS,Wheat (Khapli),Brown Pouch,1,180
ORGANIC GRAINS,Wheat (Khapli),Brown Pouch,2,335
ORGANIC GRAINS,Wheat (Khapli),KG Bag,5,845
ORGANIC DALS & LENTILS,Masoor Whole (Red Lentil),Brown Pouch,0.5,105
ORGANIC DALS & LENTILS,Masoor Whole (Red Lentil),Brown Pouch,1,180
ORGANIC DALS & LENTILS,Masoor Whole (Red Lentil),Brown Pouch,2,335
ORGANIC DALS & LENTILS,White Peas Whole (Safed Matar),Brown Pouch,0.5,165
ORGANIC DALS & LENTILS,White Peas Whole (Safed Matar),Brown Pouch,1,305
ORGANIC OTHER,White Jada Poha (Beaten Rice),Brown Pouch,0.5,85
ORGANIC OTHER,White Jada Poha (Beaten Rice),Brown Pouch,1,150
ORGANIC MILLETS,Ragi Whole (Finger Millet),Brown Pouch,0.5,80
ORGANIC MILLETS,Ragi Whole (Finger Millet),Brown Pouch,1,135
ORGANIC MILLETS,Ragi Whole (Finger Millet),Brown Pouch,2,250
ORGANIC SEEDS,Groundnut,Brown Pouch,0.5,155
ORGANIC SEEDS,Groundnut,Brown Pouch,1,280
ORGANIC SEEDS,Pumpkin Seeds,Glass Bottle,0.175,165
ORGANIC SEEDS,Pumpkin Seeds,Brown Pouch,0.1,100
ORGANIC SEEDS,Pumpkin Seeds,Brown Pouch,0.25,215
ORGANIC SEEDS,Sunflower Seeds,Glass Bottle,0.175,85
ORGANIC SEEDS,Sunflower Seeds,Brown Pouch,0.1,55
ORGANIC SEEDS,Sunflower Seeds,Brown Pouch,0.25,110
ORGANIC SEEDS,Watermelon Seeds,Glass Bottle,0.175,240
ORGANIC SEEDS,Watermelon Seeds,Brown Pouch,0.1,140
ORGANIC SEEDS,Watermelon Seeds,Brown Pouch,0.25,320
ORGANIC GRAINS,Sona Masoori Rice (White Rice),Brown Pouch,0.5,80
ORGANIC GRAINS,Sona Masoori Rice (White Rice),Brown Pouch,1,135
ORGANIC GRAINS,Sona Masoori Rice (White Rice),Brown Pouch,2,245
ORGANIC GRAINS,Sona Masoori Rice (White Rice),KG Bag,5,580
FLOURS-FRESHLY MILLED,Sona Masoori Rice Flour (White Rice),Brown Pouch,1,155
FLOURS-FRESHLY MILLED,Sona Masoori Rice Flour (White Rice),Brown Pouch,2,285
FLOURS-FRESHLY MILLED,Sona Masoori Rice Flour (White Rice),KG Bag,5,670
ORGANIC GRAINS,Sona Masoori Rice (Brown Rice),Brown Pouch,0.5,85
ORGANIC GRAINS,Sona Masoori Rice (Brown Rice),Brown Pouch,1,140
ORGANIC GRAINS,Sona Masoori Rice (Brown Rice),Brown Pouch,2,255
ORGANIC GRAINS,Sona Masoori Rice (Brown Rice),KG Bag,5,615
ORGANIC GRAINS,Wada Kolam (White Rice),Brown Pouch,0.5,95
ORGANIC GRAINS,Wada Kolam (White Rice),Brown Pouch,1,160
ORGANIC GRAINS,Wada Kolam (White Rice),Brown Pouch,2,290
ORGANIC GRAINS,Wada Kolam (White Rice),KG Bag,5,720
ORGANIC GRAINS,Wada Kolam (White Rice),KG Bag,10,1420
FLOURS-FRESHLY MILLED,Wheat Flour (Khapli Aata),Brown Pouch,1,195
FLOURS-FRESHLY MILLED,Wheat Flour (Khapli Aata),Brown Pouch,2,370
FLOURS-FRESHLY MILLED,Wheat Flour (Khapli Aata),KG Bag,5,895
FLOURS-FRESHLY MILLED,Wheat Flour (MP Sehori),Brown Pouch,1,120
FLOURS-FRESHLY MILLED,Wheat Flour (MP Sehori),Brown Pouch,2,215
FLOURS-FRESHLY MILLED,Wheat Flour (MP Sehori),KG Bag,5,520
FLOURS-FRESHLY MILLED,Sorghum Millet Flour (Jowar),Brown Pouch,1,135
FLOURS-FRESHLY MILLED,Sorghum Millet Flour (Jowar),Brown Pouch,2,245
FLOURS-FRESHLY MILLED,Sorghum Millet Flour (Jowar),KG Bag,5,610
FLOURS-FRESHLY MILLED,White Quinoa Flour,Brown Pouch,1,225
FLOURS-FRESHLY MILLED,White Quinoa Flour,Brown Pouch,2,420
FLOURS-FRESHLY MILLED,Chana Dal Flour,Brown Pouch,0.5,95
FLOURS-FRESHLY MILLED,Chana Dal Flour,Brown Pouch,1,170
FLOURS-FRESHLY MILLED,Chana Dal Flour,Brown Pouch,2,320
FLOURS-FRESHLY MILLED,Ragi Flour (Finger Millet),Brown Pouch,0.5,90
FLOURS-FRESHLY MILLED,Ragi Flour (Finger Millet),Brown Pouch,1,160
FLOURS-FRESHLY MILLED,Ragi Flour (Finger Millet),Brown Pouch,2,310
FLOURS-FRESHLY MILLED,Ragi Flour (Finger Millet),KG Bag,5,680
ORGANIC GRAINS,Pearl Barley (Jau),Brown Pouch,0.5,80
ORGANIC GRAINS,Pearl Barley (Jau),Brown Pouch,1,135
ORGANIC GRAINS,Pearl Barley (Jau),Brown Pouch,2,250
FLOURS-FRESHLY MILLED,Pearl Barley Jau (Flour),Brown Pouch,1,160
FLOURS-FRESHLY MILLED,Pearl Barley Jau (Flour),Brown Pouch,2,295
ORGANIC GRAINS,Wheat Daliya (Lapsi),Brown Pouch,0.5,65
ORGANIC GRAINS,Wheat Daliya (Lapsi),Brown Pouch,1,105
ORGANIC GRAINS,Wheat Daliya (Lapsi),Brown Pouch,2,190
ORGANIC MILLETS,Kodo (Dehusked) Millets,Brown Pouch,0.5,105
ORGANIC MILLETS,Kodo (Dehusked) Millets,Brown Pouch,1,180
ORGANIC MILLETS,Kodo (Dehusked) Millets,Brown Pouch,2,345
ORGANIC SPICE & MASALA,Bay Leaf (Tej Patta),Brown Pouch,0.1,65
ORGANIC SPICE & MASALA,Bay Leaf (Tej Patta),Brown Pouch,0.2,110
ORGANIC OTHER,Red Poha (Beaten Rice),Brown Pouch,0.5,95
ORGANIC OTHER,Red Poha (Beaten Rice),Brown Pouch,1,165
ORGANIC OTHER,Red Poha (Beaten Rice),Brown Pouch,2,310
ORGANIC OTHER,Sooji (Rawa),Brown Pouch,0.5,65
ORGANIC OTHER,Sooji (Rawa),Brown Pouch,1,105
ORGANIC OTHER,Sooji (Rawa),Brown Pouch,2,180
ORGANIC MILLETS,Foxtail Millet,Brown Pouch,0.5,90
ORGANIC MILLETS,Foxtail Millet,Brown Pouch,1,155
ORGANIC MILLETS,Foxtail Millet,Brown Pouch,2,290
ORGANIC MILLETS,Barnyard Millet,Brown Pouch,0.5,140
ORGANIC MILLETS,Barnyard Millet,Brown Pouch,1,250
ORGANIC MILLETS,Barnyard Millet,Brown Pouch,2,475
ORGANIC SPICE & MASALA,Dried Fenugreek Leaves (Kasoori Methi),Brown Pouch,0.03,30
ORGANIC SPICE & MASALA,Dried Fenugreek Leaves (Kasoori Methi),Glass Bottle,0.05,55
ORGANIC SPICE & MASALA,Dried Fenugreek Leaves (Kasoori Methi),Brown Pouch,0.1,74
ORGANIC MILLETS,Proso Millet (Chena / Barri),Brown Pouch,0.5,115
ORGANIC MILLETS,Proso Millet (Chena / Barri),Brown Pouch,1,200
ORGANIC MILLETS,Proso Millet (Chena / Barri),Brown Pouch,2,380
ORGANIC MILLETS,Little Millet,Brown Pouch,0.5,105
ORGANIC MILLETS,Little Millet,Brown Pouch,1,185
ORGANIC MILLETS,Little Millet,Brown Pouch,2,345
FLOURS-FRESHLY MILLED,Pearl Millet Flour (Bajra),Brown Pouch,1,140
FLOURS-FRESHLY MILLED,Pearl Millet Flour (Bajra),Brown Pouch,2,260
FLOURS-FRESHLY MILLED,Pearl Millet Flour (Bajra),Brown Pouch,3,375
ORGANIC SPICE & MASALA,Amchoor (Mango Powder),Glass Bottle,0.08,85
ORGANIC SPICE & MASALA,Amchoor (Mango Powder),Glass Bottle,0.2,190
ORGANIC SPICE & MASALA,Amchoor (Mango Powder),Brown Pouch,0.1,115
ORGANIC SPICE & MASALA,Amchoor (Mango Powder),Brown Pouch,0.2,220
ORGANIC SPICE & MASALA,Amchoor (Mango Powder),Brown Pouch,0.5,550
ORGANIC SPICE & MASALA,Amla Powder (Indian Gooseberry Powder),Glass Bottle,0.06,40
ORGANIC SPICE & MASALA,Amla Powder (Indian Gooseberry Powder),Glass Bottle,0.15,80
ORGANIC SPICE & MASALA,Amla Powder (Indian Gooseberry Powder),Brown Pouch,0.25,100
ORGANIC MILLETS,Browntop Millet,Brown Pouch,0.5,240
ORGANIC MILLETS,Browntop Millet,Brown Pouch,1,460
ORGANIC MILLETS,Browntop Millet,Brown Pouch,2,905
ORGANIC GRAINS,Rajgira (Amaranth),Brown Pouch,0.5,255
ORGANIC GRAINS,Rajgira (Amaranth),Brown Pouch,1,485
ORGANIC GRAINS,Rajgira (Amaranth),Brown Pouch,2,940
ORGANIC SPICE & MASALA,Nigella Seeds (Kalonji),Glass Bottle,0.075,60
ORGANIC SPICE & MASALA,Nigella Seeds (Kalonji),Glass Bottle,0.175,125
ORGANIC SPICE & MASALA,Nigella Seeds (Kalonji),Brown Pouch,0.1,80
ORGANIC SPICE & MASALA,Nigella Seeds (Kalonji),Brown Pouch,0.25,165
ORGANIC OTHER,Jaggery Cubes (Gud Cubes),Plastic Jar,0.8,155
ORGANIC OTHER,Jaggery Cubes (Gud Cubes),Plastic Jar,0.35,85
ORGANIC OTHER,Jaggery Cubes (Gud Cubes),Brown Pouch,0.25,60
ORGANIC OTHER,Jaggery Cubes (Gud Cubes),Brown Pouch,0.5,100
ORGANIC OTHER,Jaggery Cubes (Gud Cubes),Brown Pouch,1,150
ORGANIC OTHER,Jaggery 900 grm Lumps (Gur Lumps),Brown Pouch,0.9,125
ORGANIC OTHER,Jaggery 900 grm Lumps (Gur Lumps),Plastic Jar,0.9,135
ORGANIC OTHER,Sugar (Shakkar),Brown Pouch,0.5,65
ORGANIC OTHER,Sugar (Shakkar),Brown Pouch,1,110
ORGANIC OTHER,Sugar (Shakkar),Brown Pouch,2,205
ORGANIC OTHER,Sugar (Shakkar),KG Bag,5,470
FLOURS-FRESHLY MILLED,Rajgira Flour (Amaranth),Brown Pouch,1,520
FLOURS-FRESHLY MILLED,Rajgira Flour (Amaranth),Brown Pouch,2,1020
FLOURS-FRESHLY MILLED,Rajgira Flour (Amaranth),KG Bag,5,2515
ORGANIC SPICE & MASALA,Black Cardamom (Badi Elaichi),Brown Pouch,0.05,180
ORGANIC SPICE & MASALA,Black Cardamom (Badi Elaichi),Brown Pouch,0.1,360
ORGANIC SPICE & MASALA,Black Cardamom (Badi Elaichi),Brown Pouch,0.25,860
ORGANIC SPICE & MASALA,Yellow Mustard Seeds (Peeli Sarsson),Brown Pouch,0.1,35
ORGANIC SPICE & MASALA,Yellow Mustard Seeds (Peeli Sarsson),Brown Pouch,0.25,75
ORGANIC SPICE & MASALA,Yellow Mustard Seeds (Peeli Sarsson),Brown Pouch,0.5,140
ORGANIC SPICE & MASALA,Red Chilli Whole (Kashmri Lal Mirch),Brown Pouch,0.1,140
ORGANIC SPICE & MASALA,Red Chilli Whole (Kashmri Lal Mirch),Brown Pouch,0.2,255
ORGANIC GRAINS,Wheat Lokwan,Brown Pouch,1,95
ORGANIC GRAINS,Indrayani Rice (White),Brown Pouch,0.5,85
ORGANIC GRAINS,Indrayani Rice (White),Brown Pouch,1,135
ORGANIC GRAINS,Indrayani Rice (White),Brown Pouch,2,245
ORGANIC GRAINS,Indrayani Rice (White),KG Bag,5,560
ORGANIC GRAINS,Indrayani Rice (White),KG Bag,10,1105
ORGANIC SEEDS,Sesame (White Til),Glass Bottle,0.2,105
ORGANIC SEEDS,Sesame (White Til),Brown Pouch,0.1,55
ORGANIC SEEDS,Sesame (White Til),Brown Pouch,0.25,130
ORGANIC SEEDS,Sesame (White Til),Brown Pouch,0.5,230
FLOURS-FRESHLY MILLED,Wheat Lokwan Flour,Brown Pouch,1,115
FLOURS-FRESHLY MILLED,Wheat Lokwan Flour,Brown Pouch,2,205
FLOURS-FRESHLY MILLED,Wheat Lokwan Flour,KG Bag,5,515
ORGANIC SEEDS,"Mix Seeds 3 (Pumkin, Sunflower and Watermelon)",Brown Pouch,0.1,90
ORGANIC SEEDS,"Mix Seeds 3 (Pumkin, Sunflower and Watermelon)",Glass Bottle,0.175,165
ORGANIC SEEDS,"Mix Seeds 3 (Pumkin, Sunflower and Watermelon)",Brown Pouch,0.25,215
ORGANIC SEEDS,"Mix Seeds 3 (Pumkin, Sunflower and Watermelon)",Brown Pouch,0.5,405
ORGANIC SEEDS,"Mix Seeds 5 (Pumkin, Sunflower, Watermelon, Chia and Flax)",Brown Pouch,0.1,80
ORGANIC SEEDS,"Mix Seeds 5 (Pumkin, Sunflower, Watermelon, Chia and Flax)",Glass Bottle,0.175,150
ORGANIC SEEDS,"Mix Seeds 5 (Pumkin, Sunflower, Watermelon, Chia and Flax)",Brown Pouch,0.25,190
ORGANIC SEEDS,"Mix Seeds 5 (Pumkin, Sunflower, Watermelon, Chia and Flax)",Brown Pouch,0.5,355
ORGANIC DRY FRUITS,Cashewnuts Whole (Kaju - W240),Brown Pouch,0.25,430
ORGANIC DRY FRUITS,Cashewnuts Whole (Kaju - W240),Brown Pouch,0.5,835
ORGANIC DRY FRUITS,Cashewnuts Whole (Kaju - W240),Brown Pouch,1,1645
ORGANIC DRY FRUITS,Cashewnuts Whole (Kaju - W180),Brown Pouch,0.25,475
ORGANIC DRY FRUITS,Cashewnuts Whole (Kaju - W180),Brown Pouch,0.5,925
ORGANIC DRY FRUITS,Cashewnuts Whole (Kaju - W180),Brown Pouch,1,1825
ORGANIC DRY FRUITS,Raisins (Kismis),Glass Bottle,0.175,155
ORGANIC DRY FRUITS,Raisins (Kismis),Brown Pouch,0.25,195
ORGANIC DRY FRUITS,Raisins (Kismis),Brown Pouch,0.5,370
ORGANIC DRY FRUITS,Raisins (Kismis),Brown Pouch,1,715
ORGANIC DRY FRUITS,Almond (Badam),Glass Bottle,0.175,300
ORGANIC DRY FRUITS,Almond (Badam),Brown Pouch,0.25,400
ORGANIC DRY FRUITS,Almond (Badam),Brown Pouch,0.5,780
ORGANIC DRY FRUITS,Almond (Badam),Brown Pouch,1,1540
FLOURS-FRESHLY MILLED,Little Millet (Flour),Brown Pouch,0.5,115
FLOURS-FRESHLY MILLED,Little Millet (Flour),Brown Pouch,1,205
FLOURS-FRESHLY MILLED,Little Millet (Flour),Brown Pouch,2,390
FLOURS-FRESHLY MILLED,Foxtail Millet (Flour),Brown Pouch,0.5,100
FLOURS-FRESHLY MILLED,Foxtail Millet (Flour),Brown Pouch,1,175
FLOURS-FRESHLY MILLED,Foxtail Millet (Flour),Brown Pouch,2,335
FLOURS-FRESHLY MILLED,Barnyard Millet (Flour),Brown Pouch,0.5,150
FLOURS-FRESHLY MILLED,Barnyard Millet (Flour),Brown Pouch,1,275
FLOURS-FRESHLY MILLED,Barnyard Millet (Flour),Brown Pouch,2,525
FLOURS-FRESHLY MILLED,Kodo (Dehusked) Millets (Flour),Brown Pouch,0.5,115
FLOURS-FRESHLY MILLED,Kodo (Dehusked) Millets (Flour),Brown Pouch,1,205
FLOURS-FRESHLY MILLED,Kodo (Dehusked) Millets (Flour),Brown Pouch,2,390
FLOURS-FRESHLY MILLED,Browntop Millet (Flour),Brown Pouch,0.5,260
FLOURS-FRESHLY MILLED,Browntop Millet (Flour),Brown Pouch,1,495
FLOURS-FRESHLY MILLED,Browntop Millet (Flour),Brown Pouch,2,970
FLOURS-FRESHLY MILLED,Green Gram Flour (Moong Sabut),Brown Pouch,0.5,120
FLOURS-FRESHLY MILLED,Green Gram Flour (Moong Sabut),Brown Pouch,1,215
FLOURS-FRESHLY MILLED,Green Gram Flour (Moong Sabut),Brown Pouch,2,410
ORGANIC SPICE & MASALA,Dhana Jiru Powder,Brown Pouch,0.25,165
ORGANIC SPICE & MASALA,Dhana Jiru Powder,Brown Pouch,0.5,305
ORGANIC SPICE & MASALA,Dhana Jiru Powder,Brown Pouch,1,565
ORGANIC SPICE & MASALA,Dhana Jiru Powder,Brown Pouch,2,1110
ORGANIC GRAINS,Basmati (White Rice),Brown Pouch,0.5,115
ORGANIC GRAINS,Basmati (White Rice),Brown Pouch,1,200
ORGANIC GRAINS,Basmati (White Rice),Brown Pouch,2,375
ORGANIC GRAINS,Basmati (White Rice),KG Bag,5,915
ORGANIC GRAINS,Basmati (White Rice),KG Bag,10,1815
ORGANIC GRAINS,Ambemohar (White Rice),Brown Pouch,0.5,145
ORGANIC GRAINS,Ambemohar (White Rice),Brown Pouch,1,270
ORGANIC GRAINS,Ambemohar (White Rice),Brown Pouch,2,515
ORGANIC GRAINS,Ambemohar (White Rice),KG Bag,5,1255
ORGANIC GRAINS,Idli Rice,Brown Pouch,0.5,75
ORGANIC GRAINS,Idli Rice,Brown Pouch,1,125
ORGANIC GRAINS,Idli Rice,Brown Pouch,2,230
ORGANIC GRAINS,Idli Rice,KG Bag,5,545
FLOURS-FRESHLY MILLED,Idli Rice Flour,Brown Pouch,0.5,85
FLOURS-FRESHLY MILLED,Idli Rice Flour,Brown Pouch,1,145
FLOURS-FRESHLY MILLED,Idli Rice Flour,Brown Pouch,2,270
FLOURS-FRESHLY MILLED,Proso Flour (Chena / Barri),Brown Pouch,2,400
FLOURS-FRESHLY MILLED,Proso Flour (Chena / Barri),Brown Pouch,1,210
FLOURS-FRESHLY MILLED,Proso Flour (Chena / Barri),KG Bag,5,955
ORGANIC SPICE & MASALA,Nutmeg Powder (Jaiphal),Glass Bottle,0.06,125
ORGANIC SPICE & MASALA,Nutmeg Whole (Jaiphal),Glass Bottle,0.15,265
ORGANIC SPICE & MASALA,Green Cardamom Powder (Elaichi),Glass Bottle,0.05,300
ORGANIC SPICE & MASALA,Green Cardamom Powder (Elaichi),Glass Bottle,0.04,245
ORGANIC SPICE & MASALA,Green Cardamom Powder (Elaichi),Brown Pouch,0.25,1295
FLOURS-FRESHLY MILLED,Dollar Chickpeas Flour (Kabuli Chana),Brown Pouch,0.5,155
FLOURS-FRESHLY MILLED,Dollar Chickpeas Flour (Kabuli Chana),Brown Pouch,1,290
ORGANIC OTHER,Murmura (Puffed Rice),Brown Pouch,0.2,70
ORGANIC OTHER,Murmura (Puffed Rice),Brown Pouch,0.3,90
ORGANIC DALS & LENTILS,5 Mixed Dal (Toor / Masoor / Channa / Moong Split with Skin / Urad Split with Skin),Brown Pouch,0.5,125
ORGANIC DALS & LENTILS,5 Mixed Dal (Toor / Masoor / Channa / Moong Split with Skin / Urad Split with Skin),Brown Pouch,1,225
FLOURS-FRESHLY MILLED,"Mix Millet Flour (Foxtail, Barnyard, Browntop , Kodu, Finger Millet)",Brown Pouch,1,240
ORGANIC SPICE & MASALA,Cloves Powder (Laung),Glass Bottle,0.06,105
ORGANIC SPICE & MASALA,Fennel Powder (Saunf),Glass Bottle,0.06,55
ORGANIC SPICE & MASALA,Fennel Powder (Saunf),Glass Bottle,0.175,120
ORGANIC SPICE & MASALA,Fennel Powder (Saunf),Brown Pouch,0.1,65
ORGANIC SPICE & MASALA,Fennel Powder (Saunf),Brown Pouch,0.25,140
ORGANIC SPICE & MASALA,javitri Whole (Mace),Glass Bottle,0.02,100
ORGANIC SPICE & MASALA,javitri Whole (Mace),Glass Bottle,0.04,185
ORGANIC SPICE & MASALA,javitri Whole (Mace),Brown Pouch,0.03,130
FLOURS-FRESHLY MILLED,Moong Dal Mogar Split without Skin Flour (Yellow Moong Dal),Brown Pouch,0.5,120
FLOURS-FRESHLY MILLED,Moong Dal Mogar Split without Skin Flour (Yellow Moong Dal),Brown Pouch,1,215
FLOURS-FRESHLY MILLED,Moong Dal Mogar Split without Skin Flour (Yellow Moong Dal),Brown Pouch,2,405
ORGANIC SPICE & MASALA,Red Chilli Powder (Kashmri Lal Mirch),Glass Bottle,0.06,110
ORGANIC SPICE & MASALA,Red Chilli Powder (Kashmri Lal Mirch),Brown Pouch,0.1,160
ORGANIC SPICE & MASALA,Red Chilli Powder (Kashmri Lal Mirch),Brown Pouch,0.25,380
ORGANIC SPICE & MASALA,Red Chilli Powder (Kashmri Lal Mirch),Brown Pouch,0.5,740
ORGANIC SPICE & MASALA,Red Chilli Powder (Kashmri Lal Mirch),Brown Pouch,1,1460
FLOURS-FRESHLY MILLED,Sona Masoori Rice Flour (Brown Rice),Brown Pouch,1,150
FLOURS-FRESHLY MILLED,Sona Masoori Rice Flour (Brown Rice),Brown Pouch,2,275
FLOURS-FRESHLY MILLED,"Mix Millet Flour (Foxtail, Barnyard, Browntop , Kodu, Finger Millet)",KG Bag,5,1085
FLOURS-FRESHLY MILLED,"Mix Millet Flour (Foxtail, Barnyard, Little , Kodu, Finger Millet)",KG Bag,5,825
FLOURS-FRESHLY MILLED,"Mix Millet Flour (Foxtail, Barnyard, Little , Kodu, Finger Millet)",Brown Pouch,1,195
ORGANIC SPICE & MASALA,Garam Masala Powder,Brown Pouch,0.05,80
ORGANIC SPICE & MASALA,Garam Masala Powder,Brown Pouch,0.1,150
ORGANIC SPICE & MASALA,Garam Masala Powder,Glass Bottle,0.06,95
ORGANIC SPICE & MASALA,Garam Masala Powder,Brown Pouch,0.25,340
ORGANIC SPICE & MASALA,Garam Masala Powder,Brown Pouch,0.6,935
ORGANIC SPICE & MASALA,Spiced Tea Masala Powder,Glass Bottle,0.05,125
ORGANIC SPICE & MASALA,Spiced Tea Masala Powder,Brown Pouch,0.1,240
ORGANIC SPICE & MASALA,Spiced Tea Masala Powder,Brown Pouch,0.25,585
ORGANIC SPICE & MASALA,Spiced Tea Masala Powder,Brown Pouch,0.5,1145
ORGANIC DALS & LENTILS,Rosted Chana Dal,Brown Pouch,0.2,75
ORGANIC DALS & LENTILS,Rosted Chana Dal,Brown Pouch,0.5,145
FLOURS-FRESHLY MILLED,"4 grain Flour (Jowar, Bajra, Ragi, Lokwan)",Brown Pouch,1,135
FLOURS-FRESHLY MILLED,"4 grain Flour (Jowar, Bajra, Ragi, Lokwan)",KG Bag,5,525
ORGANIC SPICE & MASALA,Fennel Sharbat masala,Brown Pouch,0.05,50
ORGANIC SPICE & MASALA,Fennel Sharbat masala,Brown Pouch,0.1,70
ORGANIC SPICE & MASALA,Red Chilli Flakes,Glass Bottle,0.04,70
ORGANIC SPICE & MASALA,Red Chilli Flakes,Brown Pouch,0.1,160
ORGANIC SPICE & MASALA,Chaat Masala,Brown Pouch,0.1,75
ORGANIC SPICE & MASALA,Chaat Masala,Brown Pouch,0.2,135
ORGANIC SPICE & MASALA,Chaat Masala,Glass Bottle,0.08,70
ORGANIC SPICE & MASALA,Chaat Masala,Glass Bottle,0.5,320
ORGANIC SPICE & MASALA,Ajwain Powder,Brown Pouch,0.1,70
ORGANIC SPICE & MASALA,Ajwain Powder,Brown Pouch,0.2,130
ORGANIC SPICE & MASALA,Ajwain Powder,Glass Bottle,0.06,55
ORGANIC SPICE & MASALA,Fenugreek Powder,Glass Bottle,0.08,45
ORGANIC SPICE & MASALA,Fenugreek Powder,Brown Pouch,0.1,40
ORGANIC SPICE & MASALA,Fenugreek Powder,Brown Pouch,0.2,70
FLOURS-FRESHLY MILLED,"Presoaked Mix Millet Flour (Foxtail, Barnyard, Little , Kodu, Finger Millet)",KG Bag,5,1465
FLOURS-FRESHLY MILLED,"Presoaked Mix Millet Flour (Foxtail, Barnyard, Little , Kodu, Finger Millet)",Brown Pouch,1,345
FLOURS-FRESHLY MILLED,"Mix grain Flour (Jowar, Bajra, Ragi, Khapli)",Brown Pouch,1,150
ORGANIC SPICE & MASALA,Guntur Chilli,Brown Pouch,0.1,80
ORGANIC SPICE & MASALA,Guntur Chilli,Brown Pouch,0.2,140
ORGANIC SPICE & MASALA,Byadagi Chilli,Brown Pouch,0.2,200
ORGANIC SPICE & MASALA,Byadagi Chilli,Brown Pouch,0.1,110
ORGANIC SPICE & MASALA,Star Anise Whole,Brown Pouch,0.1,130
ORGANIC SPICE & MASALA,Star Anise Whole,Brown Pouch,0.2,230
ORGANIC SPICE & MASALA,Star Anise Whole,Glass Bottle,0.05,85
ORGANIC SPICE & MASALA,Star Anise Powder,Glass Bottle,0.05,75
ORGANIC SPICE & MASALA,Mumbai PavBhaji Masala,Brown Pouch,0.05,60
ORGANIC SPICE & MASALA,Mumbai PavBhaji Masala,Brown Pouch,0.1,115
ORGANIC SPICE & MASALA,Mumbai PavBhaji Masala,Brown Pouch,0.6,570
ORGANIC SPICE & MASALA,Biryani Masala,Brown Pouch,0.05,85
ORGANIC SPICE & MASALA,Biryani Masala,Brown Pouch,0.1,160
ORGANIC SPICE & MASALA,Biryani Masala,Brown Pouch,0.6,835
ORGANIC SPICE & MASALA,Mughlai Korma Masala,Brown Pouch,0.05,80
ORGANIC SPICE & MASALA,Mughlai Korma Masala,Brown Pouch,0.1,150
ORGANIC SPICE & MASALA,Mughlai Korma Masala,Brown Pouch,0.6,790
ORGANIC SPICE & MASALA,Amritsari Chole Masala,Brown Pouch,0.05,65
ORGANIC SPICE & MASALA,Amritsari Chole Masala,Brown Pouch,0.1,125
ORGANIC SPICE & MASALA,Amritsari Chole Masala,Brown Pouch,0.6,590
ORGANIC SPICE & MASALA,Chilli Flakes (Medium Spicy),Glass Bottle,0.04,85
ORGANIC SPICE & MASALA,Chilli Flakes (Medium Spicy),Brown Pouch,0.1,180
ORGANIC OTHER,Brown Sugar (Shakkar),Brown Pouch,0.5,100
ORGANIC OTHER,Brown Sugar (Shakkar),Brown Pouch,1,170
ORGANIC OTHER,Brown Sugar (Shakkar),Brown Pouch,2,305
ORGANIC OTHER,Brown Sugar (Shakkar),Brown Pouch,5,730
ORGANIC OTHER,Red Rice Rava,Brown Pouch,0.5,95
ORGANIC OTHER,Red Rice Rava,Brown Pouch,1,160
ORGANIC OTHER,Red Rice Rava,Brown Pouch,2,285
ORGANIC OTHER,Red Rice Rava,Brown Pouch,5,675
FLOURS-FRESHLY MILLED,"7 Grain Flour (wheat, jowar, bajra, ragi, brown chana, amaranth, and barley)",Brown Pouch,0.5,90
FLOURS-FRESHLY MILLED,"7 Grain Flour (wheat, jowar, bajra, ragi, brown chana, amaranth, and barley)",Brown Pouch,1,150
FLOURS-FRESHLY MILLED,"7 Grain Flour (wheat, jowar, bajra, ragi, brown chana, amaranth, and barley)",Brown Pouch,2,275
